id,text_no_spaces,predicted_positions
0,куплюайфон14про,"[5, 11, 14]"
1,ищудомвПодмосковье,"[3, 7, 9]"
2,сдаюквартирусмебельюитехникой,"[4, 13, 15, 23, 25]"
3,новыйдивандоставканедорого,"[5, 11, 20]"
4,отдамдаромкошку,"[5, 11]"
5,работавМосквеудаленно,"[6, 8, 15]"
6,куплютелевизорPhilips,"[5, 15]"
7,ищугрузчиковдляпереезда,"[3, 13, 17]"
8,ремонтквартирподключ,[13]
9,куплюноутбукHP,"[5, 13]"
10,ищуквартирууметро,"[3, 12, 14]"
11,новаямикроволновкаSamsung,"[5, 19]"
12,срочнопродамвелосипед,"[6, 13]"
13,куплюгитаруFender,"[5, 12]"
14,ищурепетиторапобиологии,"[3, 14]"
15,сдаюгаражнадлительныйсрок,"[4, 10, 20]"
16,куплюдиванбу,"[5, 11]"
17,ищумастерапоремонтухолодильников,"[3, 11, 14, 22]"
18,новыйшкафдоставкасегодня,"[5, 10, 19]"
19,куплюXboxOne,"[5, 10]"
20,ищуподработкуповечерам,"[3, 10, 13]"
21,сдамкомнатустудентке,"[4, 12]"
22,куплюстаруюкнигу,"[5, 12]"
23,ищусобакулабрадор,[3]
24,новыйтелефонXiaomi13,"[5, 13, 20]"
25,куплюPlaystation5диск,"[5, 17, 19]"
26,ищукомнатувцентрегорода,"[3, 11, 13, 20]"
27,срочнонужнаняняребенку,"[6, 12, 17]"
28,куплюстиральнуюмашинуIndesit,"[5, 16, 23]"
29,ищудетскуюкроваткубу,"[3, 11]"
30,новаякурткадоставка,"[5, 12]"
31,куплювелосипедMerida,"[5, 15]"
32,ищуврачаофтальмолога,"[3, 9]"
33,сдаюквартирувцентреМосквы,"[4, 13, 15, 22]"
34,куплюхолодильникSamsung,"[5, 17]"
35,ищукошкубританскую,"[3, 9]"
36,новыйноутбукдоставказавтра,"[5, 13, 22]"
37,куплюшкафбу,"[5, 10]"
38,ищурепетиторапоистории,"[3, 14, 17]"
39,сдаюкомнатубезпосредников,"[4, 12, 16]"
40,куплютелевизорLGOLED,"[5, 15, 18]"
41,ищуквартирунедорогосрочно,"[3, 12, 21]"
42,новыйайфондоставка,[5]
43,куплюгитаруYamaha,"[5, 12]"
44,ищустудиюуметро,"[3, 10]"
45,сдамквартирумолодоженам,"[4, 13]"
46,куплюкомпьютеригровой,[5]
47,ищуработуповаромвкафе,"[3, 10, 18, 20]"
48,новыйдиванIkea,"[5, 11]"
49,куплюстарыйноутбук,"[5, 12]"
50,ищусобакудобермана,"[3, 10]"
51,срочносдаюкомнату,"[6, 11]"
52,куплюмониторLG,"[5, 13]"
53,ищумастерапосантехнике,"[3, 11, 14]"
54,новыйстолдоставка,"[5, 10]"
55,куплюайфон13мини,"[5, 11, 14]"
56,ищудевушкудляотношений,"[3, 11, 15]"
57,сдаюдачуналето,"[4, 9]"
58,куплюстиральнуюмашинуLG,"[5, 16, 23]"
59,ищуучителяанглийскогоязыка,"[3, 11, 23]"
60,новыйноутбукAsus,"[5, 13]"
61,куплюматрасортопедический,[5]
62,ищукомнатунадлительныйсрок,"[3, 11, 23]"
63,сдамквартирубеззалога,"[4, 13, 17]"
64,куплюхолодильникAtlant,"[5, 17]"
65,ищусобакушпица,"[3, 10]"
66,новаястиральнаямашинадоставка,"[5, 16, 23]"
67,куплютелевизорSony,"[5, 15]"
68,ищурепетиторапогеографии,"[3, 14, 17]"
69,сдаюкомнатусмебелью,"[4, 12, 14]"
70,куплюпылесосDyson,"[5, 13]"
71,ищуработуофицианткой,"[3, 10]"
72,новыйшкафкупе,"[5, 10]"
73,куплюдиванугловой,"[5, 11]"
74,ищуквартирунадлительныйсрок,"[3, 12, 24]"
75,сдамгаражваренду,"[4, 10, 12]"
76,куплювелосипедStels,"[5, 15]"
77,ищуврачапедиатра,"[3, 9]"
78,новыйтелефонOppo,"[5, 13]"
79,куплюмикроволновкуSamsung,"[5, 19]"
80,ищукомнатудлядевушки,"[3, 11, 15]"
81,срочнопродамшкаф,"[6, 13]"
82,куплюPlaystation4slim,"[5, 17, 19]"
83,ищусобакунемецкуюовчарку,"[3, 10, 19]"
84,новаякуртказима,"[5, 12]"
85,куплютелефонHonor,"[5, 13]"
86,ищуподругудляпрогулок,"[3, 11, 15]"
87,сдаюквартирусемье,"[4, 13]"
88,куплютелевизорToshiba,"[5, 15]"
89,ищумастерапоремонтустиралок,"[3, 11, 14, 22]"
90,новыйдивансерый,"[5, 11]"
91,куплюкомодбу,[5]
92,ищуучителяпоматематике,"[3, 11]"
93,сдамквартирустудентам,"[4, 13]"
94,куплювелосипедбу,[5]
95,ищустудиюнамесяц,"[3, 10, 13]"
96,новаямикроволновкадоставка,"[5, 19]"
97,ищуработунавыходные,"[3, 10, 13]"
98,куплютелефонHuawei,"[5, 13]"
99,"продамшкаф,почтиновый,сзеркалами","[6, 12, 18, 25, 27]"
100,"ищукнигубратьякарамазовы,срочно","[3, 9, 16, 26]"
101,"новыймонитор,27дюймов,доставка","[5, 14, 17, 25]"
102,"куплюковрикдляйоги,недорого!","[5, 12, 16, 20]"
103,"ищуинструкторапоплаванию,бассейнрядом","[3, 15, 18, 28, 36]"
104,"сдамкомнату,толькодевушке","[4, 13, 20]"
105,"куплюшвейнуюмашинку,рабочую","[5, 13, 21]"
106,"ищудрузейдляпутешествий,летомвгоры","[3, 10, 14, 27, 33, 35]"
107,"новаякофеваркаPhilips,гарантияесть","[5, 15, 24, 33]"
108,"куплюлыжи,палкивкомплекте","[5, 11, 17, 19]"
109,"ищуучителяповокалу,джаз","[3, 11, 14, 24]"
110,"сдамместовгараже,сухо","[4, 10, 12, 18, 21]"
111,"куплюдетскийвелосипед,длядевочки","[5, 13, 24, 28]"
112,"ищупекарявкафе,утро","[3, 10, 12, 18]"
113,"новаястиралкаBosch,привезусам","[5, 14, 21]"
114,"куплюстолписьменный,белый","[5, 10, 22]"
115,"ищупрограммистанапроект,срочно!","[3, 16, 19, 27]"
116,"сдамстудиюпосуточно,метрорядом","[4, 11, 22]"
117,"куплюсковородучугунную,диаметр28","[5, 15, 26, 34]"
118,"ищурепетиторапобиологии,ЕГЭ","[3, 14, 25]"
119,"новаягазоваяплита,привезёмбыстро","[5, 13, 19, 28]"
120,"куплюмашинуВАЗбу,находу","[5, 12, 19]"
121,"ищустоликдляноутбука,складной","[3, 8, 11, 15, 25]"
122,"сдамквартирунаночь,чисто","[4, 13, 20]"
123,"куплюшкаф-купе,трёхдверный","[5, 16]"
124,"ищукостюмнасвадьбу,мужской","[3, 10, 13, 22]"
125,"новыйпылесосSamsung,коробкаесть","[5, 13, 22, 30]"
126,"куплюрюкзактуристический,70литров","[5, 23, 26]"
127,ищуучителяпошахматам,"[3, 11]"
128,"сдампарковкувцентре,охрана","[4, 13, 15, 23]"
129,"куплюкроссовкиAdidas,оригинал","[5, 15, 23]"
130,"ищустолярныеуслуги,недорого","[3, 8, 14, 22]"
131,"новыйтелевизорLG,гарантия2года","[5, 15, 19, 28, 30]"
132,"куплювазудляцветов,стеклянную","[5, 10, 14, 22]"
133,ищууборщицунавыходные,"[3, 12, 15]"
134,"сдамофис,20квадратов","[4, 10, 13]"
135,"куплюконькиженские,размер37","[5, 20, 27]"
136,ищупереводчикасанглийского,"[3, 15]"
137,"новыйутюгPhilips,гарантия","[5, 10, 19]"
138,"куплюнаушники,беспроводные","[5, 15]"
139,"ищуплиточника,ремонтванной","[3, 15]"
140,"сдамгараж,ключинаруках","[4, 11, 17, 20]"
141,"куплюноутбук,недорого,срочно","[5, 14, 24]"
142,ищугрузчиковназавтра,"[3, 13]"
143,"новыйроутерXiaomi,вайфай6","[5, 12, 20, 27]"
144,"куплюколонки5.1,мощные","[5, 13, 18]"
145,"ищуэлектрика,розеткиискрят!","[3, 14, 22]"
146,"сдамдачунанеделю,естьбаня","[4, 9, 12]"
147,"куплюмиксеркухонный,брендовый","[5, 9, 19]"
148,ищуфотографанамероприятие,"[3, 13, 16]"
149,новаямультиваркаRedmond,"[5, 17]"
150,"куплючайникэлектрический,новый","[5, 12, 27]"
151,"ищупылесос,моющий","[3, 12]"
152,"сдамкладовку,центргорода","[4, 14, 20]"
153,куплюкамерувидеонаблюдения,"[5, 12]"
154,"ищуняню,графикгибкий","[3, 9, 16]"
155,"новыйсмартфон,запечатанный","[5, 15]"
156,куплючемоданнаколёсах,"[5, 13, 16]"
157,ищупарикмахеранадом,"[3, 15, 18]"
158,"сдамсклад,50метров","[4, 11, 14]"
159,"куплюпроектор,дляфильмов","[5, 15, 19]"
160,ищугитариставгруппу,"[3, 10, 12]"
161,новыйкухонныйкомбайн,"[5, 14]"
162,"куплюдиван,тканьсерая","[5, 12, 18]"
163,ищуплитуэлектрическую,"[3, 9]"
164,"сдамстудиювцентре,уютная","[4, 11, 13, 21]"
165,куплюмясорубкуручную,"[5, 15]"
166,ищушеф-поваравресторан,"[3, 14, 16]"
167,новыйматрасортопедический,[5]
168,"куплютренажёр,вело","[5, 15]"
169,"ищуадвоката,консультация","[3, 13]"
170,"сдамофис,арендапомесячно","[4, 10, 17, 20]"
171,куплюкартинумаслом,"[5, 13]"
172,ищубухгалтеранаполставки,"[3, 14, 17]"
173,новаяпечьмикроволновая,"[5, 10]"
174,куплюлодкурезиновую,"[5, 11]"
175,"ищулогопеда,занятиядома","[3, 13, 21, 25]"
176,"сдамквартиру,ремонтсвежий","[4, 14]"
177,"ищумебельщика,кухняподзаказ","[3, 15, 21, 25]"
178,новыйкулердляводы,"[5, 11, 15]"
179,куплюстолскладной,"[5, 10]"
180,"ищуводителя,ночныесмены","[3, 13, 20]"
181,"сдамквартиру,толькорусским","[4, 14, 21]"
182,куплюплатьевечернее,"[5, 12]"
183,"ищухирурга,консультациясрочно","[3, 12, 25]"
184,новыйфильтрдляводы,"[5, 12]"
185,куплюкреслоофисное,"[5, 12]"
186,ищумассажистанадом,"[3, 15, 17]"
187,сдампомещениеподсклад,"[4, 14, 18]"
188,куплютелефонOppo,"[5, 13]"
189,"ищупсихолога,опытобязателен","[3, 14, 19]"
190,новаяколонкаJBL,"[5, 13]"
191,куплюджинсыLevi’s,"[5, 12]"
192,"ищудомработницу,центр","[3, 7, 18]"
193,"сдамдом,участок6соток","[4, 9, 17, 19]"
194,куплюконструкторLego,"[5, 17]"
195,ищухудожникадляпортрета,"[3, 13, 17]"
196,"новыйблендер,гарантия","[5, 14]"
197,"куплювидеокамеру,недорого","[5, 18]"
198,ищурепетиторапохимии,"[3, 14]"
199,"сдамдачу,лесрядом","[4, 10]"
200,куплюзимниешины,"[5, 12]"
201,ищугидапоМоскве,"[3, 8, 11]"
202,новаялюстрапотолочная,"[5, 12]"
203,"куплюковёр,шерстяной","[5, 12]"
204,ищуарендугаража,"[3, 10, 16]"
205,сдамквартирусбалконом,"[4, 13, 15]"
206,куплюудочкудлярыбалки,"[5, 12, 16]"
207,"ищукомпозитора,музыка","[3, 16]"
208,"новыйтостер,черный","[5, 13]"
209,куплюстоловыеприборы,"[5, 10, 15]"
210,ищуинженерапоремонту,"[3, 12, 15]"
211,"сдампарковку,центр","[4, 14]"
212,куплюрезинузимнюю,"[5, 12]"
213,ищуактерадлясъемок,"[3, 10, 14]"
214,новаяплитаэлектрическая,"[5, 11]"
215,куплювидеокартуRTX,"[5, 16]"
216,"ищуюриста,оформлениедоговора","[3, 11, 22]"
217,"сдамсклад,сухоепомещение","[4, 11, 17]"
218,куплюкомодбелый,[5]
219,"ищуплиточника,срочно","[3, 13]"
220,новаялампанастольная,"[5, 11, 17]"
221,"куплюскейтборд,новый","[5, 16]"
222,сдамкомнатусремонтом,"[4, 12, 14]"
223,куплюроутерTP-Link,"[5, 12]"
224,ищупарнядлясъёмок,"[3, 9, 13]"
225,"новыйковёр,мягкий","[5, 12]"
226,куплючасыCasio,"[5, 10]"
227,ищупоставщикаовощей,"[3, 14]"
228,"сдамстудию,центргорода","[4, 12, 18]"
229,куплюпылесосмоющий,[5]
230,ищудизайнераинтерьера,"[3, 13]"
231,"новыйхолодильник,белый","[5, 18]"
232,"ищуняню,полныйдень","[3, 9, 16]"
233,сдамквартирустехникой,"[4, 13, 15]"
234,куплюплитугазовую,"[5, 11]"
235,ищуврачакардиолога,"[3, 9]"
236,новыйчайникэлектрический,"[5, 12]"
237,куплюстульядеревянные,"[5, 12]"
238,ищуповаравкафе,"[3, 10, 12]"
239,сдамдомнамесяц,"[4, 8, 11]"
240,куплюавтомобильбу,[5]
241,ищупрограммистаpython,"[3, 16]"
242,новаяпосудомойкаBosch,"[5, 13, 18]"
243,куплюкамеруCanon,"[5, 12]"
244,ищуработубариста,"[3, 10]"
245,"сдамстудию,срочно","[4, 12]"
246,куплюайфон15про,"[5, 11, 14]"
247,сдамквартирувцентре,"[4, 13, 15]"
248,ищуработупрограммистом,"[3, 10]"
249,новаямебельвналичии,"[5, 12, 14]"
250,куплютелевизорSamsung,"[5, 15]"
251,ищутаксидоаэропорта,"[3, 9, 12]"
252,срочноотдамкотенка,"[6, 12]"
253,куплюхолодильникбу,[5]
254,сдаюдачусбаней,"[4, 9]"
255,куплювелосипедновый,"[5, 15]"
256,ищустудиюбезмебели,"[3, 10, 14]"
257,сдамкомнатунамесяц,"[4, 12, 15]"
258,куплюмониторSamsung,"[5, 13]"
259,ищусобакухаски,"[3, 10]"
260,новаякурткадоставказавтра,"[5, 12, 21]"
261,куплютелевизорLG,"[5, 15]"
262,ищуучителяиспанского,"[3, 11]"
263,сдамгаражсрочно,"[4, 10]"
264,куплюноутбукLenovo,"[5, 13]"
265,ищуквартирупосуточно,"[3, 12]"
266,новыйстолистулья,"[5, 10, 12]"
267,куплютелефонPixel,"[5, 13]"
268,ищуврачастоматолога,"[3, 9]"
269,сдаюофисваренду,[4]
270,куплюгитаруGibson,"[5, 12]"
271,ищуработукурьером,"[3, 10, 12]"
272,новыйноутбукMSI,"[5, 13]"
273,куплюмикроволновкуLG,"[5, 19]"
274,ищудевушкудляпрогулок,"[3, 11, 15]"
275,сдамскладнедорого,"[4, 10]"
276,куплюайпадбу,[5]
277,ищусобакутаксу,"[3, 10]"
278,куплюкомпьютерMac,"[5, 15]"
279,ищурепетиторапофизике,"[3, 14]"
280,сдамквартирупосуточно,"[4, 13]"
281,куплюдиванкожаный,"[5, 11]"
282,ищуработудизайнером,"[3, 10]"
283,новыйхолодильникдоставка,"[5, 17]"
284,куплютелевизорOLED,"[5, 15]"
285,ищустудиюсремонтом,"[3, 10, 12]"
286,сдамкомнатубезмебели,"[4, 12, 16]"
287,куплюпылесосXiaomi,"[5, 13]"
288,ищурепетиторапорусскому,"[3, 14, 17]"
289,новаямебельназаказ,"[5, 12, 15]"
290,куплюнаушникиSony,"[5, 14]"
291,ищумастерапомебели,"[3, 11]"
292,сдамдачуналето,"[4, 9]"
293,ищуработутестировщиком,"[3, 10]"
294,новыйтелефонHonor,"[5, 13]"
295,куплюматрасбу,[5]
296,ищусобакубигля,[3]
297,сдамгаражвцентре,"[4, 10, 12]"
298,куплюноутбукAcer,"[5, 13]"
299,ищустудиюнадлительныйсрок,"[3, 10, 22]"
300,новыйдиванвналичии,"[5, 11, 13, 20]"
301,куплюстолобеденный,"[5, 10]"
302,ищуврачатерапевта,[3]
303,сдаюквартирусремонтом,"[4, 13, 15]"
304,куплюмиксерBosch,"[5, 12]"
305,ищуподработкувечером,"[3, 14]"
306,новаякурткамужская,"[5, 12]"
307,куплютелевизорJVC,"[5, 15]"
308,ищурепетиторапоинформатике,"[3, 14, 17]"
309,сдамдомуморя,"[4, 8, 10]"
310,куплюпланшетHuawei,"[5, 13]"
311,ищуработуменеджером,"[3, 10]"
312,новыйноутбукDell,"[5, 13]"
313,куплюкреслокомпьютерное,"[5, 12]"
314,ищусобакуджекрассел,"[3, 13]"
315,сдамстудиюбезпосредников,"[4, 11, 15]"
316,куплювелосипедGiant,"[5, 15]"
317,ищуврачахирурга,"[3, 9]"
318,новыйпылесосдоставка,[5]
319,куплюайфон13,"[5, 14]"
320,сдамкомнатудлядевушки,"[4, 12, 16]"
321,куплюхолодильникновый,"[5, 17]"
322,ищуработуводителем,"[3, 10]"
323,новыйдиванугловой,"[5, 11]"
324,ищустудиюсмебелью,"[3, 10, 12]"
325,сдамдачунедорого,"[4, 9]"
326,куплюмикроволновкубу,[5]
327,ищусобакупуделя,[3]
328,новыйтелевизорTCL,"[5, 15]"
329,куплюноутбукAsus,"[5, 13]"
330,ищуучителяфранцузского,"[3, 11]"
331,ищурепетиторапоалгебре,"[3, 14, 17]"
332,новаякухнявналичии,"[5, 11, 13]"
333,куплюкомпьютерDell,"[5, 15]"
334,ищуработупродавцом,"[3, 10]"
335,куплютелевизорSharp,"[5, 15]"
336,ищусобакулайку,[3]
337,продамдиванбу,"[6, 12]"
338,2024год,[4]
339,ищуработупрограммистомудаленно,"[3, 10, 24]"
340,"холодильниксломался,помогитесрочно","[11, 21]"
341,АВТОМОЙКАРЯДОМ,[7]
342,телевизорLG55,"[9, 12]"
343,МоскваIkeaдоставка,"[6, 11]"
344,срочноищуквартирууметро,"[6, 10, 19, 21]"
345,"ноутбукневключается,чтоделать?","[7, 10, 22, 26]"
346,новыйстолIkeaдоставка,"[5, 10, 15]"
347,продаюкошкувхорошиеруки,"[6, 12, 14, 22]"
348,Windows11незапускается,"[7, 10]"
349,продаюPlaystation5почтиновая,"[6, 18, 20, 26]"
350,квартирасремонтомимебелью,"[8, 10, 19, 21]"
351,"Avitoнеоткрывается,помогите","[5, 8, 22]"
352,хочукупитьвелосипедбу,"[4, 11]"
353,ищурепетиторапоматематике,"[3, 14, 17]"
354,сушидоставканочью,"[4, 13]"
355,нужнапомощьвпереездесрочно,"[5, 12, 14]"
356,айфон14промакс,"[5, 8]"
357,ищуключиотмашины,"[3, 9, 12]"
358,Сбербанкнеработаетбанкомат,"[8, 11, 20, 22]"
359,продаюкомодбуторг,[6]
360,куплюцветырозытюльпаны,"[5, 11, 18]"
361,хочузаказатьтаксиваэропорт,"[4, 13, 19]"
362,ищудомвдеревненалето,"[3, 7, 9, 16]"
363,куплюноутбукдляигр,"[5, 13, 17]"
364,отдамдаромстарыйшкаф,"[5, 11, 18]"
365,ищумастерапоремонтуноутбуков,"[3, 11, 14, 22]"
366,автосервиспоблизости,[]
367,продаюiPhoneXR,"[6, 13]"
368,ищуквартирувМосквенедорого,"[3, 12, 14, 21]"
369,собакапотеряласьнаулице,"[6, 15, 18]"
370,ищуработуофициантомвечером,"[3, 10, 21]"
371,подарюкотенкахорошимлюдям,"[6, 21]"
372,SamsungA54новый,"[7, 9, 12]"
373,квартирастудиядолгосрочно,"[8, 15]"
374,ИвановИванСергеевич,"[6, 11]"
375,ищуавтозапчастинаВАЗ,"[3, 18]"
376,сломалсяпылесосSamsung,"[8, 16]"
377,срочнонуженмастер-сантехник,"[6, 12, 20]"
378,ищудешевыеавиабилеты,"[3, 11]"
379,куплюбилетывтеатр,"[5, 12, 14]"
380,новыйхолодильникдешево,"[5, 17]"
381,iPhone15Pro,"[1, 7, 10]"
382,ремонтобувирядом,"[10, 12]"
383,сдамкомнатустуденту,"[4, 12]"
384,хочузаказатьсуши!,"[4, 13]"
385,"ноутбукзависаетчасто,чтоделать","[7, 16, 23, 27]"
386,ЯндексЕданеработает,"[6, 10, 13]"
387,ищузапчастинаВАЗ2107,"[3, 14, 18]"
388,ремонтiPhoneбыстро,"[6, 8, 14]"
389,хочукупитьсамокатребенку,"[4, 11, 18]"
390,ищурепетиторапоанглийскому,"[3, 14, 17]"
391,сдаюквартирупосуточно,"[4, 13]"
392,доставкаедыМосква,"[8, 12]"
393,продамкурткубу,[6]
394,куплюколесазима,"[5, 12]"
395,ремонткомпьютеровнедорого,"[6, 18]"
396,продаюстулIkea,"[6, 11]"
397,автостеклозамена,[10]
398,нуженмастерпомебели,"[5, 13, 16]"
399,куплюдетскуюколяску,"[5, 13]"
400,продаюXboxSeriesS,"[6, 11, 18]"
401,хочукупитьмороженое,"[4, 11]"
402,ремонтiPhoneМосква,"[6, 13]"
403,хочукофелатте,"[4, 7]"
404,"IKEAзакрылась,чтоделать?","[4, 15, 19]"
405,ищуподругудляобщения,"[3, 11, 15]"
406,срочнонуженрепетитор,"[6, 12]"
407,"потерялпаспорт,помогите","[7, 15]"
408,куплюдетскиевещи,"[5, 13]"
409,ремонтiPhoneсрочно,"[6, 8, 14]"
410,ищуавтоспробегом,"[3, 8, 10]"
411,куплюiPhone12,"[5, 7, 13]"
412,новыйдивандоставка,"[5, 11]"
413,квартирасремонтомнедорого,"[8, 10, 19]"
414,хочукупитьтелевизорSamsung,"[4, 11, 21]"
415,срочнопродаювелосипедбу,"[6, 13]"
416,ищустудентадляпомощи,"[3, 12, 16]"
417,МоскваСбербанкбанкомат,"[6, 15, 22]"
418,ищумебельбунедорого,"[3, 12]"
419,ноутбукAsusROG,"[7, 12]"
420,хочузаказатьпиццу,"[4, 13]"
421,сдаюквартирунамесяц,"[4, 13, 16]"
422,ищудешёвыйтелефон,"[3, 11]"
423,продаммониторбу,[6]
424,ищуспециалистапоремонту,"[3, 15, 18]"
425,куплюгитарунедорого,"[5, 12]"
426,ищукнигупоистории,"[3, 9, 12]"
427,старыйтелевизорработает,"[6, 16]"
428,куплюсамокатдетский,[5]
429,"ищусобаку,пропала","[3, 11]"
430,Аятанцуюпьяныйподдождём,"[8, 16]"
431,"Курилитолькосиги,есличё","[6, 13, 19, 24]"
432,Нашобразжизнистанетпалачом,"[3, 9, 15, 22]"
433,Нискольконежалеюниочём,"[9, 12, 21, 24]"
434,"Грустно,когдарасписанывсемаршруты","[8, 14, 24, 28]"
435,Когданачасахважныминуты,"[5, 8, 14, 22]"
436,Ивсенасветесталокак-тоскучноиглупо,"[1, 5, 8, 14, 20, 33]"
437,"Мояшизазнает,когданажатьнаплей","[7, 17, 23, 30, 33]"
438,"Неждименяродная,закрывайназамокдверь","[8, 17, 28, 34]"
439,"Утродоброе,держименяфонарь","[4, 11, 21]"
440,"Очкитёмные,спрячьтемнеглаза","[4, 14, 24]"
441,"Солнцеяркое,прошусогрейменя","[12, 18]"
442,"Быловесело,ноябнеповторял","[4, 12, 19]"
443,Якалендарьперевернул,"[3, 6]"
444,Исноватретьесентября,"[6, 12]"
445,Нафотоятвоёвзгляну,"[2, 11, 13]"
446,"Нопочему,нопочему","[9, 12]"
447,Расстатьсявсёженампришлось?,"[10, 15]"
448,Ведьбыловсёунасвсерьёз,"[4, 8, 12, 16]"
449,Второгосентября,[7]
450,Журавлейбелыйклин,"[8, 16]"
451,Твоядочьимойсын—,[12]
452,Всехотяттеплотыиласки,"[3, 9, 15]"
453,"Мывлюбовь,каквигру,","[2, 11]"
454,Нахолодномветру,"[2, 11]"
455,Поигралистобой,"[8, 10]"
456,Нопришёлсамсобой,"[2, 9, 13]"
457,"Выцветшаятень,выжженнаяна","[14, 24]"
458,Городскомландшафтеменязовёт,"[9, 22]"
459,Окнаянтарёмлижутмнеглаза,"[5, 8, 12, 19]"
460,Кровьислепотаволокутвперёд,"[5, 7, 15, 23]"
461,Лёгкиеопухли,[6]
462,Амороксквозьтолпу,"[7, 13]"
463,"Манит,игнорируяменя","[6, 16]"
464,Толькобыдогнал,"[6, 10]"
465,Яегопочтидогнал,"[1, 5, 11]"
466,Телоисполняетсяогня,"[4, 17, 20]"
467,"Сердцелупитмневгрудь,каквгонг","[4, 12, 15, 23, 27]"
468,Расползаясьпососудамраскатами,"[11, 21]"
469,Ветхийгородприменяетзакон,"[6, 12, 22]"
470,Чтобыдваблизнецаоказалисьразъятыми,"[5, 16, 18, 28]"
471,"Ядавлюсь,изрыгаяогонь","[1, 10, 18]"
472,Глоткамивоздуха,[8]
473,Наальвеолахраспятыми,"[2, 11]"
474,Вэтомстробоскопическомкино,"[1, 6, 24]"
475,Длядостижениярубежа,"[3, 14]"
476,"Мненехватаетдыхания,но","[3, 13, 22]"
477,Япродолжаючтоестьмочибежать,"[1, 11, 15, 20]"
478,Толькоменябеспокоитодно,"[6, 12, 22]"
479,Лёгкиебудтопоеларжа,[6]
480,Япродолжаюзанимбежать,"[1, 11]"
481,"Яананас,ятакойжекакон","[4, 8, 15, 20]"
482,Колючийвнутриисовсехсторон,"[7, 14, 19]"
483,Нешутисомной,[]
484,Ятропическийлев,[12]
485,АркадийУкупник—кусающийлжец,"[7, 24]"
486,"Тот,ктовпятнадцатьлетубежализдома,","[4, 8, 10, 21, 25, 32, 35, 39]"
487,"Врядлипойметтого,ктоучилсявспецшколе.","[1, 5, 14, 20, 30, 32, 44]"
488,"Тот,укогоестьхорошийжизненныйплан,","[4, 6, 15, 20, 37]"
489,Врядлибудетдуматьочем-тодругом.,"[6, 12, 19, 21, 28]"
490,"Мыпьемчайвстарыхквартирах,","[9, 11, 18]"
491,"Ждемлетавстарыхквартирах,","[4, 9, 11, 18, 28]"
492,"Встарыхквартирах,гдеестьсвет,","[1, 8, 19, 23, 28]"
493,"Газ,телефон,горячаявода,","[4, 13, 21]"
494,"Радиоточка,пол-паркет,","[11, 16]"
495,"Санузелраздельный,домкирпичный,","[7, 20, 24]"
496,"Однасемья,двесемьи,трисемьи...","[4, 9, 13, 20]"
497,"Многоподсобныхпомещений,",[14]
498,"Первыйипоследний-непредлагать,","[6, 8, 19, 22]"
499,"Рядомсметро,центр...","[5, 13]"
500,"Всеговорят,чтомыв-месте...","[3, 12, 18]"
501,"Всеговорят,нонемногиезнают,вкаком.","[3, 12, 15, 25, 32, 34]"
502,Аизнашихтрубидетнеобычныйдым.,"[1, 9, 17, 27]"
503,Стой!Опаснаязона!Работамозга!..,"[5, 13, 19, 26]"
504,Пожалуйстанеумирай,[10]
505,Илимнепридетсятоже,"[4, 7, 18, 21]"
506,Тыконечносразуврай,"[9, 15]"
507,Аянедумаючтотоже,"[4, 10, 14, 17]"
508,Хочешьсладкихапельсинов,"[6, 13]"
509,Хочешьвслухрассказдлинный,[6]
510,Хочешьявзорвувсезвезды,"[6, 13, 17]"
511,Чтомешаютспать,"[3, 10]"
512,Пожалуйстатолькоживи,"[10, 17, 19]"
513,Тыжевидишьяживутобою,"[4, 11, 17]"
514,Моейогромнойлюбви,"[4, 13]"
515,Хватитнамдвоимсголовою,"[6, 18, 20]"
516,Хочешьмореспарусами,"[6, 11, 13]"
517,Хочешьмузыкновыхсамых,"[6, 18]"
518,Хочешьяубьюсоседей,"[6, 8, 13]"
519,Хочешьсолнцевместолампы,"[6, 16, 21, 24]"
520,ХочешьзаокошкомАльпы,"[6, 14]"
521,Хочешьяотдамвсепесни,"[6, 8, 14, 18]"
522,Протебяотдамвсепесни,"[7, 13, 17]"
523,"Яискалатебягодамидолгими,","[7, 12]"
524,Искалатебядворамитемными.,"[6, 11]"
525,"Вжурналах,вкино,средидрузей.","[1, 11, 13, 19]"
526,"Вдень,когданашла,сумасошла.","[1, 7, 13, 20, 25]"
527,"Ты,совсемкаквосне,","[3, 10]"
528,"Совсемкаквальбомах,","[6, 10]"
529,Гдеярисовалатебягуашью.,"[3, 5, 14, 19]"
530,"Дальшебылизвонки,ночныебольше.","[6, 11, 19, 26]"
531,"Слезы,нервы,любовьистрелкивПольше.","[6, 13, 20, 22, 30, 32]"
532,"Дети,нонемои,старыезазнобы,","[5, 8, 15, 22]"
533,"Куришькаждыепять,мыусталиоба.","[6, 12, 19]"
534,...годамидолгими.,"[3, 10]"
535,...ночамитемными.,"[3, 9, 11]"
536,"Искалатебядворамитемными,","[6, 11]"
537,"Вжурналах,вкино,годамидолгими,","[1, 11, 13, 19]"
538,"Искалатебяночами,чами,чами,чами...","[5, 10, 14, 24, 30, 36]"
539,Большиегорода,[7]
540,Пустыепоезда,[6]
541,Нибереганидна,"[8, 10]"
542,Всеначинатьсначала,"[3, 12, 14]"
543,Холоднаявойна,[8]
544,Ивремякаквода,"[1, 7]"
545,Оннесошелсума,"[2, 5, 14]"
546,Тыничегонезнала,"[4, 9, 12]"
547,Полковникуниктонепишет,"[10, 13, 16]"
548,Полковниканиктонеждет,[]
549,Налинииогня,[7]
550,Пустыегорода,[6]
551,Вкоторыхникогда,"[1, 9, 13]"
552,Тыраньшенебывала,"[8, 11]"
553,Ирвутсяпоезда,[7]
554,Натонкиеслова,"[2, 9]"
555,Ясижуисмотрювчужоенебоизчужогоокна,"[5, 7, 14, 22]"
556,Иневижуниоднойзнакомойзвезды.,"[7, 9, 12, 18, 27]"
557,"Яходилповсемдорогамитуда,исюда,","[6, 12, 24]"
558,Обернулся-инесмогразглядетьследы.,"[10, 12, 16, 27]"
559,"Ноеслиестьвкарманепачкасигарет,","[2, 7, 12, 14, 23, 30]"
560,Значитвсенетакужплохонасегодняшнийдень.,"[6, 12, 15, 20]"
561,"Ибилетнасамолетссеребристымкрылом,","[6, 9, 17, 19]"
562,"Что,взлетая,оставляетземлелишьтень.","[4, 13, 23]"
563,"Иниктонехотелбытьвиноватымбезвина,","[6, 9, 13, 18, 28]"
564,"Иниктонехотелрукамижарзагребать,","[6, 9, 13]"
565,"Абезмузыкинамирусмертьнекрасна,","[1, 5, 12, 21, 24]"
566,Абезмузыкинехочетсяпропадать.,"[1, 5, 12, 15, 21]"
567,"Призрачновсевэтоммиребушующем,","[9, 13, 15, 20, 25]"
568,Естьтолькомиг-занегоидержись.,"[4, 11, 16, 19, 23]"
569,"Естьтолькомигмеждупрошлымибудущим,-","[4, 11, 15, 21, 30, 39]"
570,Именноонназываетсяжизнь.,"[6, 9, 20]"
571,"Вечныйпокойсердцеврядлиобрадует,","[6, 19, 25]"
572,Вечныйпокой-дляседыхпирамид.,"[6, 13, 17]"
573,"Адлязвезды,чтосорваласьипадает","[4, 12, 16, 26]"
574,"Естьтолькомиг,ослепительныймиг.","[4, 11, 16, 30]"
575,"Пустьэтотмирвдальлетитсквозьстолетия,","[5, 10, 14, 21]"
576,"Ноневсегдаподорогемнесним,","[2, 5, 21, 24]"
577,"Чемдорожу,чемрискуюнасветея?","[3, 11, 21]"
578,"Мигомодним,толькомигомодним.","[11, 18]"
579,Счастьеданоповстречатьильбедуеще,"[8, 10, 20, 22]"
580,Естьтолькомиг-занегоидержись!,"[4, 11, 16, 19, 23]"
581,Волкиуходятвнебеса.,"[5, 13, 17]"
582,Горятхолодныеглаза.,"[5, 14]"
583,Приказаверитьвчудеса,"[7, 17]"
584,Непоступало.,[2]
585,"Икаждыйденьдругаяцель,","[1, 7, 18]"
586,"Тостеныгор,тогорыстен","[7, 12, 17]"
587,Иждётотчаянныхгостей,"[4, 8]"
588,Чужаястая.,[]
589,"Спиной,",[]
590,Кветруивсёже,[6]
591,Вырватьсяможет,[9]
592,Чья-тодуша.,[3]
593,"Спасёт,",[]
594,Нонепоможет,"[2, 5]"
595,"Чувствуюкожей,",[8]
596,Пропащая.,[]
597,"Непомнятслов,невидятснов","[2, 8, 15, 18, 25]"
598,Перерослисвоихотцов.,"[9, 15]"
599,"И,кажется,рукабойцов","[2, 11]"
600,Колотьустала.,[6]
601,Позорислававихкрови,"[11, 13]"
602,Хватаетсмертиилюбви,"[7, 14, 16]"
603,Носкольковолканекорми,"[14, 17]"
604,Емувсемало.,"[3, 9]"
605,"Волкиуходят,",[5]
606,Волкиуходят...,[5]
607,"Всёизчегомоисомнениясотканы,тонко.","[3, 6, 11, 21, 32]"
608,"Какойчудесныйдень,мояструитсялень","[5, 14, 20, 24, 30]"
609,Награнипросветления,"[2, 8]"
610,Сияетшамбалаинежитсядуша,"[5, 10]"
611,Внирваневоскресения.,"[8, 10]"
612,"О,каклегкомоивоспоминаниявыцвели","[2, 6, 13, 26]"
613,Ктоятакойипочемусбиваютсямысли.,"[9, 11, 17, 28]"
614,"Верхомназвезде,","[6, 9]"
615,"Вцепившисьвлучи,","[10, 12]"
616,Слунойнаповодке,"[6, 9]"
617,Вночи,[1]
618,Верхомназвезде,"[6, 9]"
619,"Несусьнавстречуветрам,","[6, 9, 17]"
620,Кнесбывшейсямечте,"[1, 13]"
621,Иснам,[1]
622,"О,жизнь,тыпрекрасна,","[2, 9, 12]"
623,"О,жизнь,тыпрекраснавполне.","[2, 9, 12, 21]"
624,Бываешьнемногоопасна.О-е.,"[7, 20, 26]"
625,"Возьмимоесердце,",[9]
626,"Храни,вспоминайобомне,","[6, 16, 21]"
627,"Поверьмне,чтовсененапрасно.","[7, 11, 15, 19]"
628,"Надлесом,рекой,",[9]
629,Потеряннавсегда,"[7, 10, 14]"
630,Покой.,[]
631,Верхомназвезде.,"[6, 9]"
632,Mitornodiaboloesta.,[7]
633,Билетводинконец—,[]
634,Весна,[]
635,Исоздалэтотмир,"[7, 12]"
636,Ясам,[]
637,Верьмне…,"[1, 10]"
638,Ямаленькаялошадка,[10]
639,Имнеживётсянесладко,"[2, 5, 13]"
640,Мнетруднонестимоюношу,"[3, 18]"
641,"Настанетдень,ияеёброшу","[8, 14, 16]"
642,Ностоюоченьмногоденег,"[6, 12, 18, 22]"
643,Иявезусвоюбольшуюповозку,"[6, 11, 19]"
644,Стогонаэтотберег,"[7, 12, 16]"
645,"Мнехочетсяплакать,мнехочетсясмеяться","[10, 19, 30]"
646,"Мнехочетсяпрыгать,валятьсяибрыкаться","[10, 19, 28, 30]"
647,"Чтобыбылидрузьяили,хотябыодин","[5, 16, 21, 26]"
648,"Нояработаю,каквол,вмоейтележкекокаин","[3, 10, 13, 21, 34]"
649,"Яумруоченьрано,иязнаюобэтом","[2, 13, 15]"
650,"Можетбытьневесной,можетбытьраннимлетом","[5, 10, 20, 26, 31]"
651,"Ялюблюслушатьпесни,икостранюхатьдым","[6, 14, 22, 24, 37]"
652,"Нонельзямнеотвлекаться,явезукокаин","[2, 9, 21]"
653,"Яусталаужасно,яхочуотдохнуть","[1, 8, 14, 20]"
654,Съестьмешковдесятьсенаинадолгоуснуть,"[6, 13, 22, 24]"
655,Яхочукперелётнымптицамвклинитьсявклин,"[6, 17, 24, 35]"
656,"Ноработаважней,заспинойкокаин","[2, 9, 17, 20, 27]"
657,"Мнепротивноитрудно,нонельзяотступить","[11, 13, 21, 24, 31]"
658,"Хотьихочетсяесть,хотьихочетсяпить","[4, 7, 13, 19, 24, 33]"
659,Мыкогда-нибудьзаэтовадскомпламенисгорим,"[2, 15, 18, 23, 31]"
660,"Новсёэтопотом,авданныймоменткокаин","[5, 9, 16, 25, 32]"
661,"Мнеобидно,икапаютслёзы","[10, 18]"
662,Когдамнеподногикидаютрозы,"[6, 18, 23]"
663,Когдалюдинаулицахивокнахквартир,"[5, 12, 19]"
664,Менявстречаютиустраиваютпирнавесьмир,"[4, 16]"
665,Мнерадыдажемалыедети,"[7, 12, 15]"
666,Мнемашутдажедеревьевветви,"[8, 13, 15]"
667,"Меняприветствуютвсе,все,какодин","[4, 17, 22]"
668,Япривезлаимновыймир,"[1, 10, 16]"
669,Япривезлакокаин,[1]
670,ВпиласьзанозойвсердцемоестрелаКупидона,"[7, 15, 26, 33]"
671,Хочетсявытащитьиникогданедуматьобэтом,"[7, 16, 18, 24, 27, 34, 37]"
672,Больнестерпимаимнедосихпорбыланезнакома,"[14, 16, 19, 24]"
673,Солнцебезжалостновыжглоглазасвоимяркимсветом,"[6, 20, 26]"
674,"Однаонаповсюду,гдебынескрылсяя","[4, 8, 11, 17, 23, 27, 30]"
675,Вовсехглазахилицахтолькооднаона,"[2, 7, 15, 22, 27]"
676,"Большенетместа,гдебыямогзализыватьраны","[6, 10, 17, 21, 23, 27]"
677,Крыльяразбитыителомоевовластигангрены,[6]
678,"Силбольшенет,нетсна,лишьстрахпостоянный","[3, 11, 15, 18, 23, 29]"
679,Лишьголоствойвмоейголовеибелыестены,"[4, 14, 16, 21, 28, 30]"
680,Лишьоднаона,"[4, 9]"
681,ВпилосьзанозойвсердцемоестрелаКупидона,"[7, 15, 19, 23]"
682,Злобныйуродецникакнеоставитвпокое,"[7, 14, 22, 24]"
683,"Пустьбудетбольно,силынайдуивыдернускорнем","[5, 11, 22, 33]"
684,"Новаяжизнь.Нужнопонять,чтоэтотакое","[5, 12, 18, 26, 30, 34]"
685,Лишьона,[4]
686,Жизньиногдавыпускаетжало,"[5, 14, 24]"
687,"Стираяпрошлое,словновирус","[6, 17, 24]"
688,Икхоккеистуженасбежала,[8]
689,Инаработеполнешийминус,"[1, 4, 11, 18]"
690,Нонашгерой–несдаётся,"[11, 14]"
691,"Слезыутри,",[5]
692,Пожизниидётисмеётся,"[7, 9]"
693,"Вотон,смотри",[6]
694,Онсамыйсчастливыйизнас,"[2, 8, 15]"
695,Избранныйнебесами,[9]
696,ОнВам–нестарыйбаркас,"[2, 7, 16]"
697,Афрегатспарусами,"[7, 9]"
698,Вчёмжепричинатогда?,"[1, 5, 13]"
699,Триобычныестрочки,"[3, 11]"
700,Ждутегодомавсегда,"[4, 8, 12, 14, 18]"
701,Егопапиныдочки,"[3, 10]"
702,Онпомогаетдобрымсоветом,"[2, 11, 19]"
703,Имудрымсловомонлечитдуши,"[7, 14, 17, 26]"
704,"Навсевопросы,онзнаетответы","[2, 6, 15, 18, 26]"
705,"Всегдаподскажет,каксделатьлучше","[6, 14, 18, 26]"
706,Ачтоегождётвпереди?,"[1, 5, 9, 14]"
707,Тамвсёнетакгладко,"[3, 7, 10]"
708,Новсёжеонпобедит,"[7, 10]"
709,Парень–загадка,[7]
710,Поминутамосыпается,"[2, 8, 10]"
711,Ожиданиеневозможного,[8]
712,Раннимутромпросыпается,[11]
713,Отдвижениянеосторожного.,[10]
714,Какмолчаниеледянойзимы,"[3, 11, 21]"
715,"Насзакуталонеизвестностью,","[3, 18]"
716,"Здесьтакдолгодругдругаискалимы,","[5, 11, 21, 27]"
717,"И,конечно,пропалибезвести","[2, 11, 19]"
718,Простится,[]
719,"Нетусил,закрываю,",[8]
720,"Яглазазакрываю,",[]
721,Сквозьтумануплываю,[8]
722,Поаллеямстолицы,"[8, 13]"
723,Запотерейпотеря,[9]
724,Игодаполетели,"[1, 6]"
725,Задождямиметели,[9]
726,Перелетныептицы,"[10, 14]"
727,Тольконочьюнемогууснуть,"[6, 12, 19]"
728,Странныйхолодвсердцепрячется,"[8, 14, 16]"
729,Чтослучилось?–скажитемнекто-нибудь,"[3, 15, 23]"
730,Толькоосеньвокномнерасплачется,"[6, 18, 21]"
731,Вподоконникмойбьютсягорошины,"[1, 15, 21]"
732,"Тишину,разбиваявесельем,","[7, 16]"
733,Умиралидавнопонемножкумы,"[7, 13, 16]"
734,"И,наверное,былоспасение","[2, 12, 17]"
735,Времясмотритспокойноспрезрением,"[5, 13, 15]"
736,Выменяужеверноневспомните,"[6, 10, 16]"
737,Опоздавшееходитпрозрение,"[10, 12]"
738,Помоейгладковыбритойкомнате,[6]
739,Недосказаноинедослушенно,"[11, 13, 16]"
740,Сердцебьетсядругимивершинами,"[12, 19]"
741,"Значитвсебезнадежноразрушено,","[6, 10, 21]"
742,"Нузачемже,зачемпоспешилимы","[7, 11, 17]"
743,"Помню,помнюякакмывстретилисьстобою","[6, 12, 16, 19, 31]"
744,"Былконецдня,тыспросилауменясигареточку","[3, 9, 14, 18, 28]"
745,"Яподумал,чтозафигня","[1, 10, 14, 17]"
746,"Сигареткаосталасьвсегоодна,нуладнона...","[9, 18, 24, 30]"
747,Мыпрожилипятнадцатьлет,"[2, 10, 21]"
748,Новоттеперьтыушлатебянет.,"[13, 18]"
749,Нотыушлавсвоеморанжевомплаще,"[4, 23]"
750,"Нутыдаешьвообще,нутыдаешьвообщеблин!","[4, 10, 18]"
751,Нотыушлаинесказала:яскоровернусь,"[4, 9, 11, 20, 22]"
752,"ЧёжетыделаешьЛюсь,как-жеябудуодин","[6, 14, 20, 28, 34]"
753,"Помню,помнюякакпоулицевесенний,","[6, 12, 16]"
754,"Ястобойгулял,мыкупилибанкупиваидвухлещей","[7, 14, 17, 27]"
755,"Тыбыламолода-красива,","[2, 7, 16]"
756,Ипохожанаапельсинавсвоемновомплаще,"[1, 7, 10, 20, 22, 28, 34]"
757,"Иялюбилтебякаксвою,вотитеперьотебеяпою!","[2, 8, 14, 31]"
758,"Помню,помню,какядарилтебе,чтопопросишь","[6, 13, 17, 19, 26, 32, 36]"
759,"Нокакойжедуракябыл,если-бзнал,чтотыменябросишь","[2, 8, 17, 22, 34]"
760,"Сэкономилбы,иялюбилтебяобожал","[9, 13, 15, 21, 26]"
761,"Нуатымневспинукинжал,охнесладкомне","[6, 8, 16, 19]"
762,"Япригрелнагрудизмею,вотитеперьотебеяпою!","[1, 9, 12, 23, 40]"
763,"Ясмотрюнатебя,","[7, 10]"
764,"Втелевизореты,аянадиване.","[1, 15, 25]"
765,"ВгородеNдожди,","[1, 8, 10]"
766,Замыкание+бах!ивсталитрамваи,"[10, 15]"
767,Травмачерепно-мозговаямоялюбовь!,"[6, 18]"
768,"По-по-понаконаплю,иктебедоплыву,долечу,доеду","[12, 27]"
769,"Рядомстобойпоселюсь,тыбудешьрадатакомусоседу!","[5, 12, 22, 25, 32, 36, 42]"
770,"МыизРоссиинародпростой,ятесразускажуЗдорово!","[2, 5, 12, 18, 27, 41]"
771,"АтыулыбнёшьсяискажешьмнеЯтакждалатебя,Вова!","[3, 12, 20, 23, 38]"
772,"Ятакждалатебя,Вова!","[1, 7, 15, 21]"
773,"Втелевизореты,аянадиване","[1, 15, 25]"
774,"ВгородеNзима,","[1, 8, 10]"
775,Скоровыходывсеивходызавалит,"[8, 12, 16, 23, 25]"
776,"Нуяпридубезкрика,безшума,","[3, 9, 13, 20, 24]"
777,"Нунайдукакой-нибудьповод,","[2, 7, 20]"
778,"СкажуНуздравствуй,Ума,","[5, 19]"
779,"ОнаскажетНуздравствуй,Вова.","[3, 10, 24]"
780,Нунадокак-тоотношениязавязывать,"[4, 7, 22]"
781,ЯскажуНукактытутвообщеживаздорова-то?,"[6, 14, 18]"
782,"Онаскажет:'А,вообще,Володька,хреново!'","[3, 12, 15, 23, 33]"
783,Иначнётрассказывать.,[9]
784,"Вот,-скажет,-вчера,кпримеру,приходилТарнтино","[4, 6, 13, 15, 17, 24, 33]"
785,"Нажрался,говорит,исталприставатькомне,здоровеннаядетина.","[9, 18, 20, 25, 36, 45, 57]"
786,ЯтогдаемутакстрогосказалаКвентин!,"[6, 10, 20, 27]"
787,"Может,тыконечно,говорит,инезаметил,","[6, 17, 26, 28, 31]"
788,"Новообще-тояждуВолодькуизРоссии,","[14, 23, 26]"
789,"Атебя,говорит,вообщезаходитьнепросили","[6, 15, 22, 31, 40]"
790,"Воттакаябатва,прикинь?","[3, 9, 17]"
791,Бываетнедосмеха,[6]
792,"Вобщем,былотруднобезтебя,Вован.","[1, 8, 13, 20, 24, 30]"
793,"Хорошо,чтоприехал","[7, 11]"
794,"Жил-былнасветеАнтонГородецкий,","[4, 8, 16, 22]"
795,"Бросилажена,онгрустилнепо-детски.","[7, 11, 14, 20, 23]"
796,Пришёлкколдунье:'Ану-канаколдуймне!',"[6, 8, 17, 19, 35]"
797,"'Легко,мойхороший,толькохлопнувладоши,","[7, 11, 19, 35]"
798,"Иженавернётся,оттогоотвернётся,","[5, 15, 22]"
799,Ималенькаяжизньвнутринеёоборвётся.',"[10, 16, 23, 26]"
800,Новдругналетелинаведьмутени,"[7, 10, 14, 16, 24, 26]"
801,"Привидений,говорят:'Небыватьпреступленью'","[11, 21, 30]"
802,"Нучтожеты,чтотыпотупилавзор?",[10]
803,"Сдавайся,ведьма–«НочнойДозор».","[9, 24]"
804,"Итреснулмирнапополам,дымитразлом,","[8, 12, 15, 26, 32]"
805,"Ильётсякровь,идётвойнадобрасозлом.","[7, 14, 19, 30]"
806,"Имеркнетсвет,вуглахпаукплетётузор,","[4, 8, 14, 16, 22, 28]"
807,Потёмнымулицамлетит«ночнойдозор».,"[8, 21, 27]"
808,"ИпонялАнтоха,чтопоступилплохо,","[1, 7, 15, 19, 28]"
809,"Ито,чторазвелаегоколдунья,каклоха.","[4, 8, 16, 20]"
810,"Носила«иного»вантоновомвзоре,","[13, 16, 26]"
811,"Азначит,онбудетработатьв«дозоре».","[1, 9, 12, 18, 27]"
812,"Годыпрошли,Городецкийнетужит,","[4, 12, 23, 26]"
813,"Водочкуглушит,свампирамидружит.","[7, 13]"
814,Начальникхороший–мудрейшийГесер,"[9, 26]"
815,Былзам.министромinUSSR.,"[3, 17, 20]"
816,"Новотвызывают,нужноехатьскорее,","[5, 15, 21]"
817,Вампир-парикмахерсподружкойсвоею,"[17, 20]"
818,"Влоговоксебезаманилиподростка,","[1, 10, 14]"
819,Решилипоужинатьподлоипросто.,"[5, 13]"
820,"Антохауспел,завязаласьдрака,",[12]
821,"Согромнымтрудом,новсёжубилвурдалака,","[9, 17]"
822,"Ножницамибылтяжелораненвбою,","[9, 13, 21]"
823,"Присмертибыл,можносказатьнакраю.","[9, 14, 20, 28]"
824,"НодобрыйГесереговылечилбыстро,","[8, 14, 18, 26]"
825,"Ещебы,абыкогонеберутвзамминистры.","[6, 14, 17, 23, 25]"
826,"Адальше-бедазабедой,какпонотам:","[12, 15]"
827,"Вороназалетелавтурбинусамолёта,","[6, 9, 17]"
828,"Натеплоцентраличего-товзорвалось,","[2, 15, 23]"
829,"АСветавиновнавовсёмоказалась,",[1]
830,"Но,встретивкрасавцаАнтона,влюбилась,","[3, 13, 22, 30]"
831,Иразрушениеостановилось.,"[1, 11]"
832,НозлойЗавулониз«дозорадневного»,"[6, 14]"
833,СделализсынаАнтона«иного».,"[8, 13, 21]"
834,Икаксэтимсправитсянашгерой?,"[5, 10, 21]"
835,Всенапросмотркартинывторой!,"[3, 14, 22]"
836,"Вгазетахписали,чтотыуезжаешь,","[1, 9, 17, 23]"
837,"Чторейснеотменят,чторейснеотложат.","[7, 10, 19, 27, 30]"
838,"Какие-толюдитебяокружают,","[8, 13, 18]"
839,"Аближе,чембыли-уженевозможно.","[7, 11, 16]"
840,"Вкрасивыхжурналахсчитаютпунктиры,","[1, 10, 19, 27]"
841,Ая-доквартирывечернеесальто.,"[13, 21]"
842,"Икривятсягубы,икофепротивен,","[9, 16, 18, 26]"
843,"Иновоеутро,иновое'неттебя...'","[6, 12, 14, 21, 25]"
844,Япоасфальтушагаю,"[1, 12]"
845,"Стем,когосберечьнесмогу.","[5, 10, 20, 23]"
846,"Доостановкитрамвая,",[11]
847,Звенящегонабегу.,[9]
848,"Вгазетахписали,чтоты-идиотка,","[1, 9, 17]"
849,Вовсёмвиноватапроклятаяводка.,[11]
850,"Ругаешьсяматом,ипесеннепишешь,","[9, 16, 18]"
851,"Тебяокружаютнелюди,амыши.","[4, 13, 21, 23]"
852,Такоеневыдуматьдаженарошно.,"[5, 8, 17, 20]"
853,"Аякаждыйвечерползудоквартиры,","[4, 9, 15]"
854,"Иближе,чембыли-уженевозможно.","[7, 11, 16]"
855,"Измученныйдорогой,явыбилсяизсил.","[10, 19, 21, 29, 32]"
856,Ивдомелесникаяночлегапопросил.,"[2, 6, 15, 22]"
857,Сулыбкойдобродушнойстарикменявпустил.,"[8, 20, 27]"
858,Ижестомдружелюбнымнаужинпригласил.,"[7, 19, 26]"
859,"Будькакдома,путник,янивчёмнеоткажу,","[4, 8, 12, 15, 23, 31, 34]"
860,"Янивчемнеоткажу,янивчёмнеоткажу!","[2, 4, 6, 10, 13, 21, 29, 32]"
861,"Множествоисторий,кольжелаешь,расскажу,","[9, 21, 26, 34]"
862,"Кольжелаешь,расскажу,",[12]
863,"Кольжелаешь,расскажу!",[12]
864,"Наулицетемнело,сиделязастолом.","[2, 11, 14, 20, 26, 34]"
865,"Лесниксиделнапротив,болталотом,осём.","[6, 12, 22, 34]"
866,"Чтонетсредиживотныхустарикаврагов,","[3, 7, 13, 21]"
867,Чтонравитсяемуподкармливатьволков.,"[3, 12, 16, 30]"
868,Иволкисрединочизавылиподокном.,"[6, 8]"
869,Старикзаулыбалсяивдругпокинулдом.,"[6, 17, 19]"
870,Новскоревозвратилсясружьёмнаперевес:,"[8, 20, 28]"
871,"'Друзьяхотятпокушать,пойдём,приятель,влес!'","[1, 9, 15, 25]"
872,Яшёлксебедомой,"[4, 6, 14]"
873,Яшёлпомокрымлужам,"[4, 7, 22]"
874,Поскользкоймостовой,[11]
875,Ногамиснегутюжил,[7]
876,Амокрыйснегпадал,[7]
877,Аяшёлдомой,"[5, 9]"
878,Позимнемусаду,"[2, 9]"
879,Попустоймостовой,[9]
880,Оншёлсомнойрядом,"[2, 6, 8, 14]"
881,Шпионилзамной,[7]
882,Следилзамнойвзглядом,"[6, 9, 16]"
883,Бесшумныйконвой,[9]
884,Ивотястою,"[1, 3, 9, 11]"
885,Накраюснегопада,"[2, 7]"
886,Снебападаетснег,"[1, 12]"
887,Значитнебутакнадо,"[6, 14, 17]"
888,Вэтотрудноповерить,"[1, 5, 12]"
889,Явернулсядомой,"[1, 10, 14]"
890,Тыоткрыламнедвери,"[2, 11]"
891,Снегвошёлвследзамной,"[9, 11]"
892,Ивдругснеграстаял,"[1, 7, 10]"
893,Увиделтебя,[6]
894,Напорогеостались,"[2, 9]"
895,Толькокаплидождя,"[6, 10]"
896,Насуноситрека,[2]
897,Плавныхвёселволнами,[7]
898,Словнокто-тооткрыл,[12]
899,Всенебесныекраны,"[3, 14]"
900,Мыстоимнакраю,"[2, 8, 11]"
901,Накраюводопада,[2]
902,Снебальётсявода,[1]
903,Заморямиестьлимоновыйсад,"[8, 12, 18]"
904,Янайдулимонибудурад,"[9, 13, 19]"
905,Нотебенедамнесмейменявинить,"[6, 12, 22]"
906,Посмотритедочегоонхорош,"[10, 13, 18, 21]"
907,Нонадорогетыегоненайдешь,"[2, 13, 17, 20]"
908,Попробуйсделайсамнебудуятебяучить,"[14, 18, 21]"
909,Растутлимонынавысокихгорах,"[12, 15, 23]"
910,Накрутыхберегахдлякрутых,"[2, 10, 14]"
911,Корочетынедостанешь,"[8, 11]"
912,Явижуцельязалимономдотянутьсяхочу,"[5, 10, 19, 30]"
913,Язалимономлечуикрутизнойнаслаждаюсь,"[10, 14, 20]"
914,СтранаЛимониястранабеззабот,"[6, 14, 20, 22]"
915,ВстрануЛимониюведетподземныйход,"[1, 8, 16, 22, 32]"
916,Найтипопробуйсамнебудуятебяучить,"[5, 14, 18, 21]"
917,Труднадорогаиповсюдуобман,"[6, 13, 15]"
918,Ночтобнесбитьсяуменяестьплан,"[2, 8, 11, 28]"
919,Ноятебенедамнесмейменявинить,"[12, 22]"
920,СтрануЛимониюищусдавнихпор,"[6, 14, 18, 25]"
921,Мненадоелвечнозеленыйпомидор,"[3, 6, 11, 25]"
922,Еготыкушайсамнесмейегосомнойделить,"[10, 16, 24]"
923,Несмейегосомнойделить,"[6, 10, 16]"
924,"Выйдунаулицу-солнцанема,","[4, 12, 23, 29]"
925,Парнимолодыесвелименясума.,"[5, 13, 20, 27]"
926,"Выйдунаулицу,глянунасело,-","[4, 7, 14, 20, 23, 29]"
927,"Девкигуляют,имневесело.","[5, 13, 16]"
928,"Матушкародная,водицымнедай,","[7, 15, 24]"
929,Сердцемоетакикидаетвжар.,"[9, 15, 20, 25]"
930,"Раньшеягулялавзеленомсаду,","[6, 8, 14, 16]"
931,Думаланаулицувекнепойду.,"[6, 9, 15, 19, 22]"
932,Атеперьподвечеражпяткигорят-,"[7, 11, 19, 25]"
933,Ноженькирезвыевпляскухотят.,"[8, 14, 24]"
934,"Япойдунаулицу,кдевкампойду,","[1, 15, 17]"
935,Голосомзвонкимяимподпою.,"[7, 14, 20]"
936,"Матушка,слышишь,соловушекпоет,","[8, 17]"
937,"Атам,подгорою,пляскаидет-","[5, 15, 22, 24]"
938,"Девкиголосистыезвонкопоют,","[5, 15]"
939,Мнедамолоденькойспатьнедают.,"[5, 13, 23, 26]"
940,"Теплоеместо,ноулицыждут","[6, 13, 21]"
941,Отпечатковнашихног.,[10]
942,Звезднаяпыль-насапогах.,"[8, 16, 19]"
943,"Мягкоекресло,клетчатыйплед,","[6, 14, 24]"
944,Ненажатыйвовремякурок.,"[9, 12, 18]"
945,Солнечныйдень-вослепительныхснах.,"[9, 15, 18]"
946,"Группакрови-нарукаве,","[6, 12, 15]"
947,"Мойпорядковыйномер-нарукаве,","[3, 20, 26, 29]"
948,"Пожелаймнеудачивбою,пожелаймне:","[8, 21, 30]"
949,"Неостатьсявэтойтраве,","[10, 12, 17]"
950,Неостатьсявэтойтраве.,"[10, 12, 17]"
951,"Пожелаймнеудачи,пожелаймнеудачи!","[8, 16, 25]"
952,"Иестьчемплатить,ноянехочу","[1, 6, 10, 19, 22, 24, 27]"
953,Победылюбойценой.,"[6, 14]"
954,Яникомунехочуставитьногунагрудь.,"[6, 8, 11, 16, 26]"
955,"Яхотелбыостатьсястобой,","[1, 7, 10, 19]"
956,"Простоостатьсястобой,","[6, 15]"
957,Новысокаявнебезвездазоветменявпуть.,"[9, 13, 23, 27]"
958,"Ночькоротка,цельдалека,","[4, 12, 17]"
959,"Ночьютакчастохочетсяпить,","[5, 11, 17, 28]"
960,"Тывыходишьнакухню,","[2, 11, 14]"
961,"Новодаздесьгорька,",[11]
962,"Тынеможешьздесьспать,","[2, 5, 12]"
963,Тынехочешьздесьжить.,"[2, 11]"
964,"Доброеутро,последнийгерой!","[6, 12, 22]"
965,"Доброеутротебеитаким,какты,","[6, 11, 13, 20]"
966,"Доброеутро,последнийгерой.","[6, 12, 22]"
967,"Здравствуй,последнийгерой!","[11, 21]"
968,"Тыхотелбытьодин,этобыстропрошло,","[2, 8, 12, 18, 22, 29]"
969,"Тыхотелбытьодин,нонесмогбытьодин,","[7, 11, 17, 20, 23, 27, 30]"
970,"Твояношалегка,нонемеетрука,","[8, 15, 18, 21, 27]"
971,Итывстречаешьрассветзаигройвдурака.,"[3, 13, 28]"
972,"Утромтыстремишьсяскорееуйти,",[7]
973,"Телефонныйзвонок,каккоманда'Вперед!'","[10, 18, 22, 31]"
974,"Тыуходишьтуда,куданехочешьидти,","[2, 10, 16, 21]"
975,"Тыуходишьтуда,нотебятамниктонеждет!","[2, 10, 16]"
976,Яидупоулицевзеленомпиджаке.,"[4, 13, 21]"
977,Мненравятсямоиботинки.,"[3, 12, 16]"
978,Аещекрасивыйгалстукуменя.,[12]
979,"Ягладилбрюкидвачаса,","[7, 13, 17]"
980,Впарикмахерскойсиделсутра.,"[1, 16, 23]"
981,"Ивотидуяпоулице,одиня.","[8, 11, 18]"
982,Поулицеидуя.,[2]
983,Поулицеодин.,"[2, 8]"
984,Умоегоприятеляестьновыепластинки.,"[6, 15, 20, 26]"
985,Иязайдувкафеивыпьючашкукофе.,"[7, 9, 20]"
986,Апотомпойдукнему.,[]
987,ИвзеркалахвитринятакпохожнаБодиХоли.,"[1, 3, 12, 20, 24, 32, 37]"
988,Папаскородастсвоюмашинупокататьсямне.,"[17, 24, 35]"
989,Идуя.,[]
990,Поулицеодиня.,"[2, 8]"
991,Идуяпоулицеодин.,"[4, 7, 13]"
992,Весна-постоянныйнасморк.,"[6, 17]"
993,Весна-солнцесветитопять.,"[6, 16]"
994,Ияпромочилноги.,"[2, 10]"
995,Весна-ияопятьидугулять.,"[5, 7, 14]"
996,Весна-янемогуусидетьдома.,"[5, 7, 14, 22, 26]"
997,Весна-ялюблювесну.,"[7, 15]"
998,Очемпоютвмоемдворекошки?,"[4, 9, 11]"
999,"Нет-нет-нет-нет,",[]
1000,Янеусну.,[1]
1001,Весна-яуженегреюпио.,"[7, 17]"
1002,Весна-скоровырастеттрава.,"[11, 18]"
1003,"Весна-выпосмотрите,каккрасиво.","[6, 9, 21, 25]"
1004,Весна-гдемояголова?,"[6, 13]"
